bus_name,base_kv,vm_a_pu,va_a_deg,vm_b_pu,va_b_deg,vm_c_pu,va_c_deg
1,0.416,1.0488,-30.2,1.0469,-150.3,1.049,89.9
2,0.416,1.0487,-30.2,1.0464,-150.3,1.0491,89.9
3,0.416,1.0487,-30.2,1.0464,-150.3,1.0491,89.9
4,0.416,1.0487,-30.2,1.0463,-150.3,1.0491,89.9
5,0.416,1.0487,-30.2,1.0463,-150.3,1.0491,89.9
6,0.416,1.0487,-30.2,1.0462,-150.3,1.0491,89.9
7,0.416,1.0479,-30.1,1.0419,-150.3,1.0495,89.9
8,0.416,1.0479,-30.1,1.0417,-150.3,1.0495,89.9
9,0.416,1.0479,-30.1,1.0416,-150.3,1.0495,89.9
10,0.416,1.0479,-30.1,1.0414,-150.3,1.0496,89.8
11,0.416,1.0478,-30.1,1.0413,-150.3,1.0496,89.8
12,0.416,1.0478,-30.1,1.0412,-150.3,1.0496,89.8
13,0.416,1.0478,-30.1,1.0412,-150.3,1.0496,89.8
14,0.416,1.0478,-30.1,1.041,-150.3,1.0496,89.8
15,0.416,1.0476,-30,1.0398,-150.3,1.0497,89.8
16,0.416,1.0476,-30,1.0398,-150.3,1.0497,89.8
17,0.416,1.0473,-30,1.0383,-150.3,1.0499,89.8
18,0.416,1.0476,-30,1.0398,-150.3,1.0497,89.8
19,0.416,1.0473,-30,1.0382,-150.3,1.0499,89.8
20,0.416,1.0476,-30,1.0398,-150.3,1.0497,89.8
21,0.416,1.0473,-30,1.0381,-150.3,1.0499,89.8
22,0.416,1.0476,-30,1.0398,-150.3,1.0497,89.8
23,0.416,1.0472,-30,1.0379,-150.3,1.0499,89.8
24,0.416,1.0476,-30,1.0398,-150.3,1.0497,89.8
25,0.416,1.0472,-30,1.0376,-150.3,1.0499,89.8
26,0.416,1.0476,-30,1.0398,-150.3,1.0497,89.8
27,0.416,1.0471,-30,1.0376,-150.3,1.0499,89.8
28,0.416,1.0465,-29.9,1.0333,-150.3,1.0503,89.7
29,0.416,1.0476,-30,1.0398,-150.3,1.0497,89.8
30,0.416,1.0471,-30,1.0376,-150.3,1.0499,89.8
31,0.416,1.0471,-30,1.0376,-150.3,1.0499,89.8
32,0.416,1.0464,-29.9,1.0322,-150.3,1.0504,89.7
33,0.416,1.0476,-30,1.0398,-150.3,1.0497,89.8
34,0.416,1.047,-30,1.0376,-150.3,1.0499,89.8
35,0.416,1.0471,-30,1.0376,-150.3,1.0499,89.8
36,0.416,1.0464,-29.9,1.0321,-150.3,1.0504,89.7
37,0.416,1.0458,-29.8,1.0288,-150.3,1.0507,89.7
38,0.416,1.0476,-30,1.0398,-150.3,1.0497,89.8
39,0.416,1.0471,-30,1.0376,-150.3,1.0499,89.8
40,0.416,1.0464,-29.9,1.0321,-150.3,1.0504,89.7
41,0.416,1.0464,-29.9,1.0321,-150.3,1.0504,89.7
42,0.416,1.0454,-29.8,1.0264,-150.2,1.0509,89.6
43,0.416,1.0458,-29.8,1.0288,-150.3,1.0507,89.7
44,0.416,1.0476,-30,1.0398,-150.3,1.0497,89.8
45,0.416,1.0471,-30,1.0376,-150.3,1.0499,89.8
46,0.416,1.0464,-29.9,1.0321,-150.3,1.0504,89.7
47,0.416,1.0464,-29.9,1.0321,-150.3,1.0504,89.7
48,0.416,1.0452,-29.7,1.0247,-150.2,1.0511,89.6
49,0.416,1.0458,-29.8,1.0288,-150.3,1.0507,89.7
50,0.416,1.0476,-30,1.0398,-150.3,1.0497,89.8
51,0.416,1.0471,-30,1.0376,-150.3,1.0499,89.8
52,0.416,1.0464,-29.9,1.0321,-150.3,1.0504,89.7
53,0.416,1.0451,-29.7,1.0244,-150.2,1.0511,89.6
54,0.416,1.0452,-29.7,1.0247,-150.2,1.0511,89.6
55,0.416,1.0458,-29.8,1.0288,-150.3,1.0507,89.7
56,0.416,1.0476,-30,1.0398,-150.3,1.0497,89.8
57,0.416,1.0471,-30,1.0376,-150.3,1.0499,89.8
58,0.416,1.0464,-29.9,1.0321,-150.3,1.0504,89.7
59,0.416,1.0449,-29.7,1.0232,-150.2,1.0512,89.6
60,0.416,1.0452,-29.7,1.0247,-150.2,1.0511,89.6
61,0.416,1.0458,-29.8,1.0288,-150.3,1.0507,89.7
62,0.416,1.0476,-30,1.0398,-150.3,1.0497,89.8
63,0.416,1.0471,-30,1.0376,-150.3,1.0499,89.8
64,0.416,1.0464,-29.9,1.0321,-150.3,1.0504,89.7
65,0.416,1.0449,-29.7,1.023,-150.2,1.0512,89.6
66,0.416,1.0449,-29.7,1.0232,-150.2,1.0512,89.6
67,0.416,1.0452,-29.7,1.0247,-150.2,1.0511,89.6
68,0.416,1.0458,-29.8,1.0288,-150.3,1.0507,89.7
69,0.416,1.0476,-30,1.0398,-150.3,1.0497,89.8
70,0.416,1.0471,-30,1.0376,-150.3,1.0499,89.8
71,0.416,1.0464,-29.9,1.0321,-150.3,1.0504,89.7
72,0.416,1.0445,-29.7,1.0202,-150.2,1.0515,89.5
73,0.416,1.0449,-29.7,1.0232,-150.2,1.0512,89.6
74,0.416,1.0449,-29.7,1.0232,-150.2,1.0512,89.6
75,0.416,1.0452,-29.7,1.0247,-150.2,1.0511,89.6
76,0.416,1.0458,-29.8,1.0288,-150.3,1.0507,89.7
77,0.416,1.0476,-30,1.0398,-150.3,1.0497,89.8
78,0.416,1.0464,-29.9,1.0321,-150.3,1.0504,89.7
79,0.416,1.0443,-29.6,1.0192,-150.2,1.0516,89.5
80,0.416,1.0452,-29.7,1.0247,-150.2,1.0511,89.6
81,0.416,1.0458,-29.8,1.0288,-150.3,1.0507,89.7
82,0.416,1.0476,-30,1.0398,-150.3,1.0497,89.8
83,0.416,1.0464,-29.9,1.0321,-150.3,1.0504,89.7
84,0.416,1.0443,-29.6,1.019,-150.2,1.0516,89.5
85,0.416,1.0452,-29.7,1.0247,-150.2,1.0511,89.6
86,0.416,1.0458,-29.8,1.0288,-150.3,1.0507,89.7
87,0.416,1.0476,-30,1.0398,-150.3,1.0497,89.8
88,0.416,1.0443,-29.6,1.0186,-150.2,1.0516,89.5
89,0.416,1.0452,-29.7,1.0247,-150.2,1.0511,89.6
90,0.416,1.0458,-29.8,1.0288,-150.3,1.0507,89.7
91,0.416,1.0476,-30,1.0398,-150.3,1.0497,89.8
92,0.416,1.0442,-29.6,1.0182,-150.2,1.0517,89.5
93,0.416,1.0458,-29.8,1.0288,-150.3,1.0507,89.7
94,0.416,1.0476,-30,1.0398,-150.3,1.0497,89.8
95,0.416,1.0442,-29.6,1.018,-150.2,1.0517,89.5
96,0.416,1.0458,-29.8,1.0288,-150.3,1.0507,89.7
97,0.416,1.0476,-30,1.0398,-150.3,1.0497,89.8
98,0.416,1.0441,-29.6,1.0178,-150.2,1.0517,89.5
99,0.416,1.0458,-29.8,1.0288,-150.3,1.0507,89.7
100,0.416,1.0476,-30,1.0398,-150.3,1.0497,89.8
101,0.416,1.0441,-29.6,1.0176,-150.2,1.0517,89.5
102,0.416,1.0458,-29.8,1.0288,-150.3,1.0507,89.7
103,0.416,1.0476,-30,1.0398,-150.3,1.0497,89.8
104,0.416,1.0441,-29.6,1.0176,-150.2,1.0517,89.5
105,0.416,1.0441,-29.6,1.0175,-150.2,1.0517,89.5
106,0.416,1.0458,-29.8,1.0288,-150.3,1.0507,89.7
107,0.416,1.0441,-29.6,1.0176,-150.2,1.0517,89.5
108,0.416,1.0441,-29.6,1.0174,-150.2,1.0518,89.5
109,0.416,1.0458,-29.8,1.0288,-150.3,1.0507,89.7
110,0.416,1.0441,-29.6,1.0176,-150.2,1.0517,89.5
111,0.416,1.0435,-29.5,1.0144,-150.2,1.0523,89.4
112,0.416,1.0458,-29.8,1.0288,-150.3,1.0507,89.7
113,0.416,1.0441,-29.6,1.0176,-150.2,1.0517,89.5
114,0.416,1.0434,-29.5,1.0141,-150.2,1.0524,89.4
115,0.416,1.0458,-29.8,1.0288,-150.3,1.0507,89.7
116,0.416,1.0441,-29.6,1.0176,-150.2,1.0517,89.5
117,0.416,1.0434,-29.5,1.0141,-150.2,1.0524,89.4
118,0.416,1.0432,-29.5,1.0133,-150.2,1.0526,89.4
119,0.416,1.0458,-29.8,1.0288,-150.3,1.0507,89.7
120,0.416,1.0441,-29.6,1.0176,-150.2,1.0517,89.5
121,0.416,1.0434,-29.5,1.0141,-150.2,1.0524,89.4
122,0.416,1.0434,-29.5,1.0141,-150.2,1.0524,89.4
123,0.416,1.0428,-29.5,1.0119,-150.2,1.0529,89.4
124,0.416,1.0458,-29.8,1.0288,-150.3,1.0507,89.7
125,0.416,1.0441,-29.6,1.0176,-150.2,1.0517,89.5
126,0.416,1.0434,-29.5,1.0141,-150.2,1.0524,89.4
127,0.416,1.0434,-29.5,1.014,-150.2,1.0524,89.4
128,0.416,1.0426,-29.5,1.0113,-150.2,1.053,89.4
129,0.416,1.0458,-29.8,1.0288,-150.3,1.0507,89.7
130,0.416,1.0441,-29.6,1.0176,-150.2,1.0517,89.5
131,0.416,1.0434,-29.5,1.0141,-150.2,1.0524,89.4
132,0.416,1.0434,-29.5,1.014,-150.2,1.0524,89.4
133,0.416,1.0435,-29.5,1.0139,-150.2,1.0524,89.4
134,0.416,1.0426,-29.5,1.0111,-150.2,1.0531,89.4
135,0.416,1.0458,-29.8,1.0288,-150.3,1.0507,89.7
136,0.416,1.0441,-29.6,1.0176,-150.2,1.0517,89.5
137,0.416,1.0434,-29.5,1.0141,-150.2,1.0524,89.4
138,0.416,1.0434,-29.5,1.014,-150.2,1.0524,89.4
139,0.416,1.0435,-29.5,1.0139,-150.2,1.0524,89.4
140,0.416,1.0425,-29.5,1.0109,-150.2,1.0531,89.4
141,0.416,1.0458,-29.8,1.0288,-150.3,1.0507,89.7
142,0.416,1.0441,-29.6,1.0175,-150.2,1.0517,89.5
143,0.416,1.0434,-29.5,1.0141,-150.2,1.0524,89.4
144,0.416,1.0434,-29.5,1.014,-150.2,1.0524,89.4
145,0.416,1.0435,-29.5,1.0138,-150.2,1.0524,89.4
146,0.416,1.0424,-29.4,1.0107,-150.2,1.0532,89.4
147,0.416,1.0458,-29.8,1.0288,-150.3,1.0507,89.7
148,0.416,1.0442,-29.6,1.0175,-150.2,1.0516,89.5
149,0.416,1.0434,-29.5,1.0141,-150.2,1.0524,89.4
150,0.416,1.0434,-29.5,1.014,-150.2,1.0524,89.4
151,0.416,1.0435,-29.5,1.0138,-150.2,1.0524,89.4
152,0.416,1.0435,-29.5,1.0133,-150.2,1.0524,89.4
153,0.416,1.0424,-29.4,1.0104,-150.2,1.0532,89.4
154,0.416,1.0458,-29.8,1.0288,-150.3,1.0507,89.7
155,0.416,1.0442,-29.6,1.0175,-150.2,1.0516,89.5
156,0.416,1.0434,-29.5,1.0141,-150.2,1.0524,89.4
157,0.416,1.0434,-29.5,1.014,-150.2,1.0524,89.4
158,0.416,1.0435,-29.5,1.0138,-150.2,1.0524,89.4
159,0.416,1.0435,-29.5,1.0133,-150.2,1.0524,89.4
160,0.416,1.0424,-29.4,1.0104,-150.2,1.0532,89.4
161,0.416,1.0458,-29.8,1.0288,-150.3,1.0507,89.7
162,0.416,1.0442,-29.6,1.0175,-150.2,1.0516,89.5
163,0.416,1.0442,-29.6,1.0175,-150.2,1.0515,89.5
164,0.416,1.0434,-29.5,1.0141,-150.2,1.0524,89.4
165,0.416,1.0434,-29.5,1.014,-150.2,1.0524,89.4
166,0.416,1.0435,-29.5,1.0138,-150.2,1.0523,89.4
167,0.416,1.0435,-29.5,1.0133,-150.2,1.0524,89.4
168,0.416,1.0422,-29.4,1.01,-150.2,1.0533,89.4
169,0.416,1.0458,-29.8,1.0288,-150.3,1.0507,89.7
170,0.416,1.0442,-29.6,1.0175,-150.2,1.0516,89.5
171,0.416,1.0442,-29.6,1.0174,-150.2,1.0515,89.5
172,0.416,1.0434,-29.5,1.0141,-150.2,1.0524,89.4
173,0.416,1.0434,-29.5,1.014,-150.2,1.0524,89.4
174,0.416,1.0435,-29.5,1.0138,-150.2,1.0523,89.4
175,0.416,1.0435,-29.5,1.0138,-150.2,1.0523,89.4
176,0.416,1.0435,-29.5,1.0133,-150.2,1.0524,89.4
177,0.416,1.0422,-29.4,1.0098,-150.2,1.0534,89.4
178,0.416,1.0442,-29.6,1.0175,-150.2,1.0516,89.5
179,0.416,1.0442,-29.6,1.0174,-150.2,1.0515,89.5
180,0.416,1.0442,-29.6,1.0174,-150.2,1.0513,89.5
181,0.416,1.0434,-29.5,1.0141,-150.2,1.0524,89.4
182,0.416,1.0434,-29.5,1.014,-150.2,1.0524,89.4
183,0.416,1.0435,-29.5,1.0138,-150.2,1.0523,89.4
184,0.416,1.0435,-29.5,1.0138,-150.2,1.0523,89.4
185,0.416,1.0435,-29.5,1.0132,-150.2,1.0524,89.4
186,0.416,1.0421,-29.4,1.0096,-150.2,1.0534,89.4
187,0.416,1.0442,-29.6,1.0174,-150.2,1.0515,89.5
188,0.416,1.0442,-29.6,1.0174,-150.2,1.0507,89.5
189,0.416,1.0434,-29.5,1.0141,-150.2,1.0524,89.4
190,0.416,1.0434,-29.5,1.014,-150.2,1.0524,89.4
191,0.416,1.0435,-29.5,1.0138,-150.2,1.0523,89.4
192,0.416,1.0435,-29.5,1.0138,-150.2,1.0523,89.4
193,0.416,1.0435,-29.5,1.0138,-150.2,1.0523,89.4
194,0.416,1.0435,-29.5,1.0132,-150.2,1.0524,89.4
195,0.416,1.0421,-29.4,1.0095,-150.2,1.0534,89.4
196,0.416,1.0442,-29.6,1.0173,-150.2,1.0515,89.5
197,0.416,1.0442,-29.6,1.0174,-150.2,1.0506,89.5
198,0.416,1.0442,-29.6,1.0174,-150.2,1.0507,89.5
199,0.416,1.0434,-29.5,1.0141,-150.2,1.0524,89.4
200,0.416,1.0434,-29.5,1.014,-150.2,1.0524,89.4
201,0.416,1.0435,-29.5,1.0138,-150.2,1.0523,89.4
202,0.416,1.0435,-29.5,1.0138,-150.2,1.0523,89.4
203,0.416,1.0435,-29.5,1.0138,-150.2,1.0523,89.4
204,0.416,1.0435,-29.5,1.0132,-150.2,1.0524,89.4
205,0.416,1.042,-29.4,1.0093,-150.2,1.0535,89.4
206,0.416,1.0442,-29.6,1.0173,-150.2,1.0515,89.5
207,0.416,1.0442,-29.6,1.0173,-150.2,1.0515,89.5
208,0.416,1.0442,-29.6,1.0174,-150.2,1.0503,89.5
209,0.416,1.0442,-29.6,1.0174,-150.2,1.0507,89.5
210,0.416,1.0434,-29.5,1.0141,-150.2,1.0524,89.4
211,0.416,1.0434,-29.5,1.014,-150.2,1.0524,89.4
212,0.416,1.0435,-29.5,1.0138,-150.2,1.0523,89.4
213,0.416,1.0435,-29.5,1.0138,-150.2,1.0523,89.4
214,0.416,1.0435,-29.5,1.0131,-150.2,1.0524,89.4
215,0.416,1.0419,-29.4,1.009,-150.2,1.0536,89.4
216,0.416,1.0442,-29.6,1.0173,-150.2,1.0515,89.5
217,0.416,1.0442,-29.6,1.0172,-150.2,1.0515,89.5
218,0.416,1.0442,-29.6,1.0174,-150.2,1.0507,89.5
219,0.416,1.0434,-29.5,1.0141,-150.2,1.0524,89.4
220,0.416,1.0434,-29.5,1.014,-150.2,1.0524,89.4
221,0.416,1.0435,-29.5,1.0138,-150.2,1.0523,89.4
222,0.416,1.0435,-29.5,1.0138,-150.2,1.0523,89.4
223,0.416,1.0435,-29.5,1.0131,-150.2,1.0524,89.4
224,0.416,1.0419,-29.4,1.0087,-150.2,1.0536,89.4
225,0.416,1.0442,-29.6,1.0173,-150.2,1.0515,89.5
226,0.416,1.0443,-29.6,1.0172,-150.2,1.0515,89.5
227,0.416,1.0442,-29.6,1.0174,-150.2,1.0507,89.5
228,0.416,1.0434,-29.5,1.014,-150.2,1.0524,89.4
229,0.416,1.0435,-29.5,1.0138,-150.2,1.0523,89.4
230,0.416,1.0435,-29.5,1.0138,-150.2,1.0523,89.4
231,0.416,1.0435,-29.5,1.0131,-150.2,1.0524,89.4
232,0.416,1.0418,-29.4,1.0085,-150.2,1.0537,89.4
233,0.416,1.0443,-29.6,1.0165,-150.2,1.0515,89.5
234,0.416,1.0443,-29.6,1.0172,-150.2,1.0515,89.5
235,0.416,1.0442,-29.6,1.0174,-150.2,1.0507,89.5
236,0.416,1.0434,-29.5,1.014,-150.2,1.0524,89.4
237,0.416,1.0435,-29.5,1.0138,-150.2,1.0523,89.4
238,0.416,1.0435,-29.5,1.0138,-150.2,1.0523,89.4
239,0.416,1.0435,-29.5,1.013,-150.2,1.0524,89.4
240,0.416,1.0418,-29.4,1.0083,-150.2,1.0537,89.4
241,0.416,1.0443,-29.6,1.0164,-150.2,1.0515,89.5
242,0.416,1.0442,-29.6,1.0174,-150.2,1.0507,89.5
243,0.416,1.0434,-29.5,1.014,-150.2,1.0524,89.4
244,0.416,1.0435,-29.5,1.0138,-150.2,1.0523,89.4
245,0.416,1.0435,-29.5,1.0138,-150.2,1.0523,89.4
246,0.416,1.0435,-29.5,1.0128,-150.2,1.0524,89.4
247,0.416,1.0417,-29.4,1.0081,-150.2,1.0538,89.3
248,0.416,1.0443,-29.6,1.0161,-150.2,1.0515,89.5
249,0.416,1.0443,-29.6,1.0164,-150.2,1.0515,89.5
250,0.416,1.0442,-29.6,1.0174,-150.2,1.0507,89.5
251,0.416,1.0434,-29.5,1.014,-150.2,1.0524,89.4
252,0.416,1.0435,-29.5,1.0138,-150.2,1.0523,89.4
253,0.416,1.0435,-29.5,1.0138,-150.2,1.0523,89.4
254,0.416,1.0435,-29.5,1.0128,-150.2,1.0524,89.4
255,0.416,1.0417,-29.4,1.0081,-150.2,1.0538,89.3
256,0.416,1.0416,-29.4,1.0079,-150.2,1.0538,89.3
257,0.416,1.0442,-29.6,1.0174,-150.2,1.0507,89.5
258,0.416,1.0434,-29.5,1.014,-150.2,1.0524,89.4
259,0.416,1.0435,-29.5,1.0138,-150.2,1.0523,89.4
260,0.416,1.0435,-29.5,1.0138,-150.2,1.0522,89.4
261,0.416,1.0435,-29.5,1.0128,-150.2,1.0524,89.4
262,0.416,1.0417,-29.4,1.0081,-150.2,1.0538,89.3
263,0.416,1.0414,-29.4,1.0072,-150.2,1.054,89.3
264,0.416,1.0442,-29.6,1.0174,-150.2,1.0507,89.5
265,0.416,1.0434,-29.5,1.014,-150.2,1.0524,89.4
266,0.416,1.0435,-29.5,1.0138,-150.2,1.0523,89.4
267,0.416,1.0435,-29.5,1.0138,-150.2,1.0522,89.4
268,0.416,1.0435,-29.5,1.0126,-150.2,1.0524,89.4
269,0.416,1.0435,-29.5,1.0128,-150.2,1.0524,89.4
270,0.416,1.0417,-29.4,1.0081,-150.2,1.0538,89.3
271,0.416,1.0414,-29.4,1.0072,-150.2,1.0539,89.3
272,0.416,1.0414,-29.4,1.007,-150.2,1.054,89.3
273,0.416,1.0434,-29.5,1.014,-150.2,1.0524,89.4
274,0.416,1.0435,-29.5,1.0138,-150.2,1.0523,89.4
275,0.416,1.0435,-29.5,1.0138,-150.2,1.0522,89.4
276,0.416,1.0435,-29.5,1.0125,-150.2,1.0524,89.4
277,0.416,1.0435,-29.5,1.0128,-150.2,1.0524,89.4
278,0.416,1.0417,-29.4,1.0081,-150.2,1.0538,89.3
279,0.416,1.0414,-29.4,1.0072,-150.2,1.0539,89.3
280,0.416,1.0411,-29.3,1.0061,-150.2,1.0542,89.3
281,0.416,1.0434,-29.5,1.014,-150.2,1.0524,89.4
282,0.416,1.0435,-29.5,1.0138,-150.2,1.0523,89.4
283,0.416,1.0435,-29.5,1.0138,-150.2,1.0522,89.4
284,0.416,1.0435,-29.5,1.0128,-150.2,1.0524,89.4
285,0.416,1.0417,-29.4,1.0081,-150.2,1.0538,89.3
286,0.416,1.0414,-29.4,1.0072,-150.2,1.0539,89.3
287,0.416,1.0409,-29.3,1.006,-150.2,1.0543,89.3
288,0.416,1.0412,-29.3,1.006,-150.2,1.0542,89.3
289,0.416,1.0434,-29.5,1.014,-150.2,1.0524,89.4
290,0.416,1.0435,-29.5,1.0138,-150.2,1.0523,89.4
291,0.416,1.0435,-29.5,1.0138,-150.2,1.0522,89.4
292,0.416,1.0435,-29.5,1.0138,-150.2,1.0522,89.4
293,0.416,1.0435,-29.5,1.0128,-150.2,1.0524,89.4
294,0.416,1.0417,-29.4,1.0081,-150.2,1.0538,89.3
295,0.416,1.0414,-29.4,1.0072,-150.2,1.0539,89.3
296,0.416,1.0407,-29.3,1.0059,-150.2,1.0544,89.3
297,0.416,1.0413,-29.3,1.0053,-150.2,1.0543,89.3
298,0.416,1.0435,-29.5,1.0138,-150.2,1.0522,89.4
299,0.416,1.0435,-29.5,1.0138,-150.2,1.0522,89.4
300,0.416,1.0435,-29.5,1.0127,-150.2,1.0524,89.4
301,0.416,1.0417,-29.4,1.0081,-150.2,1.0538,89.3
302,0.416,1.0414,-29.4,1.0072,-150.2,1.0539,89.3
303,0.416,1.0399,-29.3,1.0055,-150.3,1.0547,89.3
304,0.416,1.0413,-29.3,1.0052,-150.2,1.0543,89.3
305,0.416,1.0435,-29.5,1.0138,-150.2,1.0522,89.4
306,0.416,1.0435,-29.5,1.0138,-150.2,1.0522,89.4
307,0.416,1.0435,-29.5,1.0127,-150.2,1.0524,89.4
308,0.416,1.0417,-29.4,1.0081,-150.2,1.0538,89.3
309,0.416,1.0414,-29.4,1.0072,-150.2,1.0539,89.3
310,0.416,1.0399,-29.3,1.0055,-150.3,1.0547,89.3
311,0.416,1.0413,-29.3,1.0052,-150.2,1.0543,89.3
312,0.416,1.0435,-29.5,1.0138,-150.2,1.0522,89.4
313,0.416,1.0435,-29.5,1.0138,-150.2,1.0522,89.4
314,0.416,1.0435,-29.5,1.0125,-150.2,1.0524,89.4
315,0.416,1.0417,-29.4,1.0081,-150.2,1.0538,89.3
316,0.416,1.0414,-29.4,1.0072,-150.2,1.0539,89.3
317,0.416,1.0398,-29.3,1.0055,-150.3,1.0547,89.3
318,0.416,1.0387,-29.3,1.0049,-150.3,1.0552,89.3
319,0.416,1.0414,-29.3,1.0051,-150.2,1.0543,89.3
320,0.416,1.0435,-29.5,1.0138,-150.2,1.0522,89.4
321,0.416,1.0435,-29.5,1.0138,-150.2,1.0522,89.4
322,0.416,1.0417,-29.4,1.0081,-150.2,1.0538,89.3
323,0.416,1.0415,-29.4,1.0072,-150.2,1.0539,89.3
324,0.416,1.0398,-29.3,1.0055,-150.3,1.0547,89.3
325,0.416,1.0382,-29.3,1.0046,-150.3,1.0554,89.3
326,0.416,1.0414,-29.3,1.0051,-150.2,1.0543,89.3
327,0.416,1.0435,-29.5,1.0138,-150.2,1.0522,89.4
328,0.416,1.0417,-29.4,1.0081,-150.2,1.0538,89.3
329,0.416,1.0415,-29.4,1.0072,-150.2,1.0539,89.3
330,0.416,1.0398,-29.3,1.0055,-150.3,1.0547,89.3
331,0.416,1.0382,-29.3,1.0046,-150.3,1.0553,89.3
332,0.416,1.0371,-29.2,1.004,-150.3,1.0559,89.3
333,0.416,1.0414,-29.3,1.0051,-150.2,1.0543,89.3
334,0.416,1.0417,-29.4,1.0081,-150.2,1.0538,89.3
335,0.416,1.0415,-29.4,1.0072,-150.2,1.0539,89.3
336,0.416,1.0398,-29.3,1.0055,-150.3,1.0547,89.3
337,0.416,1.0382,-29.3,1.0046,-150.3,1.0553,89.3
338,0.416,1.0371,-29.2,1.004,-150.3,1.0559,89.3
339,0.416,1.037,-29.2,1.0039,-150.3,1.0559,89.3
340,0.416,1.0414,-29.3,1.0051,-150.2,1.0543,89.3
341,0.416,1.0417,-29.4,1.0081,-150.2,1.0538,89.3
342,0.416,1.0415,-29.4,1.0072,-150.2,1.0538,89.3
343,0.416,1.0398,-29.3,1.0055,-150.3,1.0547,89.3
344,0.416,1.0398,-29.3,1.0055,-150.3,1.0547,89.3
345,0.416,1.0371,-29.2,1.004,-150.3,1.0559,89.3
346,0.416,1.0368,-29.2,1.0038,-150.3,1.056,89.3
347,0.416,1.0414,-29.3,1.005,-150.2,1.0543,89.3
348,0.416,1.0417,-29.4,1.0081,-150.2,1.0538,89.3
349,0.416,1.0398,-29.3,1.0055,-150.3,1.0547,89.3
350,0.416,1.0398,-29.3,1.0055,-150.3,1.0547,89.3
351,0.416,1.0371,-29.2,1.004,-150.3,1.0559,89.3
352,0.416,1.0367,-29.2,1.0038,-150.3,1.0561,89.3
353,0.416,1.0414,-29.3,1.005,-150.2,1.0543,89.3
354,0.416,1.0417,-29.4,1.0081,-150.2,1.0538,89.3
355,0.416,1.0398,-29.3,1.0055,-150.3,1.0547,89.3
356,0.416,1.0371,-29.2,1.004,-150.3,1.0559,89.3
357,0.416,1.0365,-29.2,1.0037,-150.3,1.0561,89.3
358,0.416,1.0414,-29.3,1.005,-150.2,1.0543,89.3
359,0.416,1.0417,-29.4,1.0081,-150.2,1.0538,89.3
360,0.416,1.0398,-29.3,1.0055,-150.3,1.0547,89.3
361,0.416,1.0371,-29.2,1.004,-150.3,1.0559,89.3
362,0.416,1.0364,-29.2,1.0037,-150.3,1.0562,89.3
363,0.416,1.0414,-29.3,1.005,-150.2,1.0543,89.3
364,0.416,1.0417,-29.4,1.0081,-150.2,1.0538,89.3
365,0.416,1.0398,-29.3,1.0055,-150.3,1.0547,89.3
366,0.416,1.0371,-29.2,1.004,-150.3,1.0559,89.3
367,0.416,1.0363,-29.2,1.0036,-150.3,1.0562,89.3
368,0.416,1.0414,-29.3,1.005,-150.2,1.0543,89.3
369,0.416,1.0417,-29.4,1.0081,-150.2,1.0538,89.3
370,0.416,1.0398,-29.3,1.0055,-150.3,1.0547,89.3
371,0.416,1.0371,-29.2,1.004,-150.3,1.0559,89.3
372,0.416,1.0362,-29.2,1.0035,-150.3,1.0563,89.3
373,0.416,1.0414,-29.3,1.0049,-150.2,1.0543,89.3
374,0.416,1.0417,-29.4,1.0081,-150.2,1.0538,89.3
375,0.416,1.0398,-29.3,1.0055,-150.3,1.0547,89.3
376,0.416,1.0371,-29.2,1.004,-150.3,1.0559,89.3
377,0.416,1.036,-29.2,1.0034,-150.3,1.0564,89.3
378,0.416,1.0415,-29.3,1.0043,-150.2,1.0544,89.3
379,0.416,1.0414,-29.3,1.0049,-150.2,1.0543,89.3
380,0.416,1.0417,-29.4,1.0081,-150.2,1.0538,89.3
381,0.416,1.0398,-29.3,1.0055,-150.3,1.0547,89.3
382,0.416,1.0371,-29.2,1.004,-150.3,1.0559,89.3
383,0.416,1.0359,-29.2,1.0034,-150.3,1.0564,89.4
384,0.416,1.0416,-29.3,1.0037,-150.2,1.0544,89.3
385,0.416,1.0414,-29.3,1.0049,-150.2,1.0543,89.3
386,0.416,1.0414,-29.3,1.0049,-150.2,1.0543,89.3
387,0.416,1.0417,-29.4,1.0081,-150.2,1.0538,89.3
388,0.416,1.0398,-29.3,1.0055,-150.3,1.0547,89.3
389,0.416,1.0371,-29.2,1.004,-150.3,1.0559,89.3
390,0.416,1.0358,-29.2,1.0033,-150.4,1.0565,89.4
391,0.416,1.0417,-29.3,1.0037,-150.2,1.0544,89.3
392,0.416,1.0414,-29.3,1.0049,-150.2,1.0543,89.3
393,0.416,1.0414,-29.3,1.0049,-150.2,1.0543,89.3
394,0.416,1.0371,-29.2,1.004,-150.3,1.0559,89.3
395,0.416,1.0356,-29.2,1.0032,-150.4,1.0565,89.4
396,0.416,1.0417,-29.3,1.0037,-150.2,1.0544,89.3
397,0.416,1.0418,-29.3,1.0032,-150.2,1.0545,89.3
398,0.416,1.0414,-29.3,1.0049,-150.2,1.0543,89.3
399,0.416,1.0414,-29.3,1.0049,-150.2,1.0543,89.3
400,0.416,1.0371,-29.2,1.004,-150.3,1.0559,89.3
401,0.416,1.0354,-29.2,1.0031,-150.4,1.0566,89.4
402,0.416,1.0417,-29.3,1.0037,-150.2,1.0544,89.3
403,0.416,1.0418,-29.3,1.003,-150.2,1.0545,89.3
404,0.416,1.0414,-29.3,1.0049,-150.2,1.0543,89.3
405,0.416,1.0414,-29.3,1.0049,-150.2,1.0543,89.3
406,0.416,1.0371,-29.2,1.0039,-150.3,1.0559,89.3
407,0.416,1.0353,-29.2,1.0031,-150.4,1.0567,89.4
408,0.416,1.0417,-29.3,1.0037,-150.2,1.0544,89.3
409,0.416,1.0419,-29.3,1.0023,-150.2,1.0546,89.2
410,0.416,1.0418,-29.3,1.003,-150.2,1.0545,89.3
411,0.416,1.0414,-29.3,1.0049,-150.2,1.0543,89.3
412,0.416,1.0414,-29.3,1.0049,-150.2,1.0543,89.3
413,0.416,1.0351,-29.2,1.003,-150.4,1.0567,89.4
414,0.416,1.0417,-29.3,1.0037,-150.2,1.0544,89.3
415,0.416,1.0421,-29.3,1.0013,-150.2,1.0547,89.2
416,0.416,1.0418,-29.3,1.003,-150.2,1.0545,89.3
417,0.416,1.0414,-29.3,1.0049,-150.2,1.0543,89.3
418,0.416,1.0414,-29.3,1.0049,-150.2,1.0543,89.3
419,0.416,1.035,-29.2,1.0029,-150.4,1.0568,89.4
420,0.416,1.0417,-29.3,1.0037,-150.2,1.0544,89.3
421,0.416,1.0422,-29.3,1.0011,-150.2,1.0547,89.2
422,0.416,1.0418,-29.3,1.003,-150.2,1.0545,89.3
423,0.416,1.0414,-29.3,1.0049,-150.2,1.0543,89.3
424,0.416,1.0414,-29.3,1.0049,-150.2,1.0543,89.3
425,0.416,1.0347,-29.2,1.0028,-150.4,1.0569,89.4
426,0.416,1.035,-29.2,1.0029,-150.4,1.0568,89.4
427,0.416,1.0417,-29.3,1.0037,-150.2,1.0544,89.3
428,0.416,1.0422,-29.3,1.001,-150.2,1.0547,89.2
429,0.416,1.0418,-29.3,1.003,-150.2,1.0545,89.3
430,0.416,1.0414,-29.3,1.0049,-150.2,1.0543,89.3
431,0.416,1.0414,-29.3,1.0049,-150.2,1.0543,89.3
432,0.416,1.0338,-29.2,1.0023,-150.4,1.0573,89.4
433,0.416,1.0347,-29.2,1.0028,-150.4,1.0569,89.4
434,0.416,1.0417,-29.3,1.0037,-150.2,1.0544,89.3
435,0.416,1.0422,-29.3,1.001,-150.2,1.0547,89.2
436,0.416,1.0418,-29.3,1.003,-150.2,1.0545,89.3
437,0.416,1.0414,-29.3,1.0049,-150.2,1.0543,89.3
438,0.416,1.0414,-29.3,1.0049,-150.2,1.0543,89.3
439,0.416,1.0324,-29.1,1.0016,-150.4,1.0579,89.4
440,0.416,1.0338,-29.2,1.0023,-150.4,1.0573,89.4
441,0.416,1.0417,-29.3,1.0037,-150.2,1.0544,89.3
442,0.416,1.0422,-29.3,1.001,-150.2,1.0547,89.2
443,0.416,1.0418,-29.3,1.003,-150.2,1.0545,89.3
444,0.416,1.0414,-29.3,1.0049,-150.2,1.0543,89.3
445,0.416,1.0414,-29.3,1.0049,-150.2,1.0543,89.3
446,0.416,1.0315,-29.1,1.0012,-150.4,1.0583,89.4
447,0.416,1.0324,-29.1,1.0016,-150.4,1.0579,89.4
448,0.416,1.0417,-29.3,1.0037,-150.2,1.0544,89.3
449,0.416,1.0422,-29.3,1.001,-150.2,1.0547,89.2
450,0.416,1.0418,-29.3,1.003,-150.2,1.0545,89.3
451,0.416,1.0414,-29.3,1.0049,-150.2,1.0543,89.3
452,0.416,1.0414,-29.3,1.0049,-150.2,1.0543,89.3
453,0.416,1.0312,-29.1,1.001,-150.5,1.0584,89.4
454,0.416,1.0315,-29.1,1.0012,-150.4,1.0583,89.4
455,0.416,1.0417,-29.3,1.0037,-150.2,1.0544,89.3
456,0.416,1.0422,-29.3,1.0009,-150.2,1.0547,89.2
457,0.416,1.0418,-29.3,1.003,-150.2,1.0545,89.3
458,0.416,1.0414,-29.3,1.0049,-150.2,1.0543,89.3
459,0.416,1.0414,-29.3,1.0049,-150.2,1.0543,89.3
460,0.416,1.0304,-29.1,1.0006,-150.5,1.0588,89.4
461,0.416,1.0312,-29.1,1.001,-150.5,1.0584,89.4
462,0.416,1.0312,-29.1,1.001,-150.5,1.0584,89.4
463,0.416,1.0417,-29.3,1.0037,-150.2,1.0544,89.3
464,0.416,1.0422,-29.3,1.0009,-150.2,1.0547,89.2
465,0.416,1.0418,-29.3,1.003,-150.2,1.0545,89.3
466,0.416,1.0414,-29.3,1.0049,-150.2,1.0543,89.3
467,0.416,1.0294,-29.1,1.0001,-150.5,1.0592,89.4
468,0.416,1.0304,-29.1,1.0006,-150.5,1.0588,89.4
469,0.416,1.0304,-29.1,1.0006,-150.5,1.0588,89.4
470,0.416,1.0312,-29.1,1.001,-150.5,1.0584,89.4
471,0.416,1.0417,-29.3,1.0037,-150.2,1.0544,89.3
472,0.416,1.0422,-29.3,1.0009,-150.2,1.0547,89.2
473,0.416,1.0418,-29.3,1.003,-150.2,1.0545,89.3
474,0.416,1.0414,-29.3,1.0049,-150.2,1.0543,89.3
475,0.416,1.0291,-29,0.99993,-150.5,1.0593,89.4
476,0.416,1.0294,-29.1,1.0001,-150.5,1.0592,89.4
477,0.416,1.0312,-29.1,1.001,-150.5,1.0584,89.4
478,0.416,1.0417,-29.3,1.0037,-150.2,1.0544,89.3
479,0.416,1.0422,-29.3,1.0009,-150.2,1.0547,89.2
480,0.416,1.0418,-29.3,1.003,-150.2,1.0545,89.3
481,0.416,1.0414,-29.3,1.0049,-150.2,1.0543,89.3
482,0.416,1.0284,-29,0.99955,-150.5,1.0596,89.4
483,0.416,1.0291,-29,0.99993,-150.5,1.0593,89.4
484,0.416,1.029,-29,0.99993,-150.5,1.0593,89.4
485,0.416,1.0312,-29.1,1.001,-150.5,1.0584,89.4
486,0.416,1.0417,-29.3,1.0037,-150.2,1.0544,89.3
487,0.416,1.0422,-29.3,1.0008,-150.2,1.0547,89.2
488,0.416,1.0418,-29.3,1.003,-150.2,1.0545,89.3
489,0.416,1.0414,-29.3,1.0049,-150.2,1.0543,89.3
490,0.416,1.0274,-29,0.99902,-150.5,1.0601,89.4
491,0.416,1.0284,-29,0.99955,-150.5,1.0596,89.4
492,0.416,1.029,-29,0.99993,-150.5,1.0593,89.4
493,0.416,1.029,-29,0.99993,-150.5,1.0593,89.4
494,0.416,1.0312,-29.1,1.001,-150.5,1.0584,89.4
495,0.416,1.0417,-29.3,1.0037,-150.2,1.0544,89.3
496,0.416,1.0423,-29.3,1.0008,-150.2,1.0547,89.2
497,0.416,1.0418,-29.3,1.003,-150.2,1.0545,89.3
498,0.416,1.0414,-29.3,1.0049,-150.2,1.0543,89.3
499,0.416,1.0268,-29,0.99869,-150.5,1.0604,89.4
500,0.416,1.0274,-29,0.99902,-150.5,1.0601,89.4
501,0.416,1.029,-29,0.99993,-150.5,1.0593,89.4
502,0.416,1.029,-29,0.99993,-150.5,1.0593,89.4
503,0.416,1.0312,-29.1,1.001,-150.5,1.0584,89.4
504,0.416,1.0417,-29.3,1.0037,-150.2,1.0544,89.3
505,0.416,1.0426,-29.2,0.99931,-150.2,1.0549,89.2
506,0.416,1.0418,-29.3,1.003,-150.2,1.0545,89.3
507,0.416,1.0414,-29.3,1.0049,-150.2,1.0543,89.3
508,0.416,1.0266,-29,0.99864,-150.5,1.0604,89.4
509,0.416,1.0268,-29,0.99869,-150.5,1.0604,89.4
510,0.416,1.029,-29,0.99993,-150.5,1.0593,89.4
511,0.416,1.0312,-29.1,1.001,-150.5,1.0584,89.4
512,0.416,1.0417,-29.3,1.0037,-150.2,1.0544,89.3
513,0.416,1.0426,-29.2,0.99785,-150.2,1.0549,89.2
514,0.416,1.0426,-29.2,0.99925,-150.2,1.0549,89.2
515,0.416,1.0418,-29.3,1.003,-150.2,1.0545,89.3
516,0.416,1.0267,-29,0.99845,-150.5,1.0604,89.4
517,0.416,1.0266,-29,0.99864,-150.5,1.0604,89.4
518,0.416,1.0254,-29,0.99864,-150.6,1.0604,89.4
519,0.416,1.029,-29,0.99993,-150.5,1.0593,89.4
520,0.416,1.0312,-29.1,1.001,-150.5,1.0584,89.4
521,0.416,1.0417,-29.3,1.0037,-150.2,1.0544,89.3
522,0.416,1.0426,-29.2,0.99656,-150.2,1.0549,89.2
523,0.416,1.0425,-29.2,0.99921,-150.2,1.0549,89.2
524,0.416,1.0418,-29.3,1.003,-150.2,1.0545,89.3
525,0.416,1.0268,-29,0.99831,-150.5,1.0604,89.4
526,0.416,1.0267,-29,0.99845,-150.5,1.0604,89.4
527,0.416,1.0247,-29,0.99864,-150.6,1.0604,89.4
528,0.416,1.029,-29,0.99993,-150.5,1.0593,89.4
529,0.416,1.0312,-29.1,1.001,-150.5,1.0584,89.4
530,0.416,1.0417,-29.3,1.0037,-150.2,1.0544,89.3
531,0.416,1.0425,-29.2,0.9992,-150.2,1.0549,89.2
532,0.416,1.0418,-29.3,1.003,-150.2,1.0545,89.3
533,0.416,1.0268,-29,0.99811,-150.5,1.0604,89.4
534,0.416,1.0268,-29,0.99831,-150.5,1.0604,89.4
535,0.416,1.0241,-28.9,0.99864,-150.6,1.0604,89.4
536,0.416,1.029,-29,0.99993,-150.5,1.0593,89.4
537,0.416,1.0312,-29.1,1.001,-150.5,1.0584,89.4
538,0.416,1.0417,-29.3,1.0037,-150.2,1.0544,89.3
539,0.416,1.0417,-29.3,1.0037,-150.2,1.0544,89.3
540,0.416,1.0425,-29.2,0.9992,-150.2,1.0549,89.2
541,0.416,1.0418,-29.3,1.003,-150.2,1.0545,89.3
542,0.416,1.0269,-29,0.99798,-150.5,1.0604,89.4
543,0.416,1.0268,-29,0.99811,-150.5,1.0604,89.4
544,0.416,1.0239,-28.9,0.99865,-150.6,1.0604,89.4
545,0.416,1.029,-29,0.99993,-150.5,1.0593,89.4
546,0.416,1.0312,-29.1,1.001,-150.5,1.0584,89.4
547,0.416,1.0417,-29.3,1.0037,-150.2,1.0544,89.3
548,0.416,1.0425,-29.2,0.9992,-150.2,1.0549,89.2
549,0.416,1.0418,-29.3,1.003,-150.2,1.0545,89.3
550,0.416,1.027,-29,0.9976,-150.5,1.0605,89.4
551,0.416,1.0269,-29,0.99798,-150.5,1.0604,89.4
552,0.416,1.0239,-28.9,0.99865,-150.6,1.0604,89.4
553,0.416,1.0231,-28.9,0.99865,-150.6,1.0604,89.4
554,0.416,1.029,-29,0.99993,-150.5,1.0593,89.4
555,0.416,1.0312,-29.1,1.001,-150.5,1.0584,89.4
556,0.416,1.0417,-29.3,1.0037,-150.2,1.0544,89.3
557,0.416,1.0425,-29.2,0.99919,-150.2,1.0549,89.2
558,0.416,1.0418,-29.3,1.003,-150.2,1.0545,89.3
559,0.416,1.0271,-29,0.99733,-150.5,1.0605,89.4
560,0.416,1.027,-29,0.9976,-150.5,1.0605,89.4
561,0.416,1.0239,-28.9,0.99865,-150.6,1.0604,89.4
562,0.416,1.0225,-28.9,0.99865,-150.6,1.0604,89.4
563,0.416,1.029,-29,0.99993,-150.5,1.0593,89.4
564,0.416,1.0312,-29.1,1.001,-150.5,1.0584,89.4
565,0.416,1.0425,-29.2,0.99919,-150.2,1.0549,89.2
566,0.416,1.0418,-29.3,1.003,-150.2,1.0545,89.3
567,0.416,1.0271,-29,0.99728,-150.5,1.0605,89.4
568,0.416,1.0271,-29,0.99733,-150.5,1.0605,89.4
569,0.416,1.0271,-29,0.99723,-150.5,1.0605,89.4
570,0.416,1.0239,-28.9,0.99865,-150.6,1.0604,89.4
571,0.416,1.0312,-29.1,1.001,-150.5,1.0584,89.4
572,0.416,1.0425,-29.2,0.99918,-150.2,1.0549,89.2
573,0.416,1.0271,-29,0.99727,-150.5,1.0605,89.4
574,0.416,1.0271,-29,0.99728,-150.5,1.0605,89.4
575,0.416,1.0271,-29,0.99722,-150.5,1.0605,89.4
576,0.416,1.0239,-28.9,0.99865,-150.6,1.0604,89.4
577,0.416,1.0312,-29.1,1.001,-150.5,1.0584,89.4
578,0.416,1.0425,-29.2,0.99917,-150.2,1.0549,89.2
579,0.416,1.0272,-29,0.99695,-150.5,1.0605,89.4
580,0.416,1.0271,-29,0.99727,-150.5,1.0605,89.4
581,0.416,1.0271,-29,0.99727,-150.5,1.0605,89.4
582,0.416,1.0271,-29,0.99721,-150.5,1.0605,89.4
583,0.416,1.0239,-28.9,0.99865,-150.6,1.0604,89.4
584,0.416,1.0312,-29.1,1.001,-150.5,1.0584,89.4
585,0.416,1.0425,-29.2,0.999,-150.2,1.0549,89.2
586,0.416,1.0425,-29.2,0.99914,-150.2,1.0549,89.2
587,0.416,1.0273,-29,0.99672,-150.5,1.0605,89.4
588,0.416,1.0272,-29,0.99695,-150.5,1.0605,89.4
589,0.416,1.0271,-29,0.99727,-150.5,1.0605,89.4
590,0.416,1.0271,-29,0.9972,-150.5,1.0605,89.4
591,0.416,1.0239,-28.9,0.99865,-150.6,1.0604,89.4
592,0.416,1.0312,-29.1,1.001,-150.5,1.0584,89.4
593,0.416,1.0425,-29.2,0.99899,-150.2,1.0549,89.2
594,0.416,1.0425,-29.2,0.999,-150.2,1.0549,89.2
595,0.416,1.0275,-28.9,0.99627,-150.5,1.0606,89.3
596,0.416,1.0273,-29,0.99672,-150.5,1.0605,89.4
597,0.416,1.0271,-29,0.99727,-150.5,1.0605,89.4
598,0.416,1.0271,-29,0.99712,-150.5,1.0605,89.4
599,0.416,1.0238,-28.9,0.99865,-150.6,1.0604,89.4
600,0.416,1.0312,-29.1,1.001,-150.5,1.0584,89.4
601,0.416,1.0425,-29.2,0.99899,-150.2,1.0549,89.2
602,0.416,1.0425,-29.2,0.999,-150.2,1.0548,89.2
603,0.416,1.0424,-29.2,0.99883,-150.2,1.0549,89.2
604,0.416,1.0276,-28.9,0.99586,-150.5,1.0606,89.3
605,0.416,1.0275,-28.9,0.99627,-150.5,1.0606,89.3
606,0.416,1.0275,-28.9,0.99627,-150.5,1.0606,89.3
607,0.416,1.0273,-29,0.99672,-150.5,1.0604,89.4
608,0.416,1.0273,-29,0.99672,-150.5,1.0605,89.4
609,0.416,1.0271,-29,0.99727,-150.5,1.0605,89.4
610,0.416,1.0271,-29,0.99708,-150.5,1.0605,89.4
611,0.416,1.0236,-28.9,0.99865,-150.6,1.0604,89.4
612,0.416,1.0312,-29.1,1.001,-150.5,1.0584,89.4
613,0.416,1.0425,-29.2,0.99898,-150.2,1.0549,89.2
614,0.416,1.0425,-29.2,0.999,-150.2,1.0547,89.2
615,0.416,1.0424,-29.2,0.99866,-150.2,1.055,89.2
616,0.416,1.0276,-28.9,0.99537,-150.5,1.0606,89.3
617,0.416,1.0276,-28.9,0.99586,-150.5,1.0606,89.3
618,0.416,1.0276,-28.9,0.99586,-150.5,1.0606,89.3
619,0.416,1.0273,-29,0.99672,-150.5,1.0604,89.4
620,0.416,1.0271,-29,0.99727,-150.5,1.0605,89.4
621,0.416,1.0271,-29,0.99706,-150.5,1.0605,89.4
622,0.416,1.0312,-29.1,1.001,-150.5,1.0584,89.4
623,0.416,1.0425,-29.2,0.99898,-150.2,1.0549,89.2
624,0.416,1.0424,-29.2,0.99865,-150.2,1.055,89.2
625,0.416,1.0424,-29.2,0.99862,-150.2,1.055,89.2
626,0.416,1.0276,-28.9,0.9947,-150.5,1.0606,89.3
627,0.416,1.0271,-29,0.99727,-150.5,1.0605,89.4
628,0.416,1.0271,-29,0.99705,-150.5,1.0605,89.4
629,0.416,1.0312,-29.1,1.001,-150.5,1.0584,89.4
630,0.416,1.0425,-29.2,0.99897,-150.2,1.0549,89.2
631,0.416,1.0424,-29.2,0.99865,-150.2,1.055,89.2
632,0.416,1.0424,-29.2,0.99861,-150.2,1.055,89.2
633,0.416,1.0276,-28.9,0.99451,-150.5,1.0606,89.3
634,0.416,1.0271,-29,0.99727,-150.5,1.0605,89.4
635,0.416,1.0271,-29,0.99703,-150.5,1.0605,89.4
636,0.416,1.0425,-29.2,0.99896,-150.2,1.0549,89.2
637,0.416,1.0424,-29.2,0.99865,-150.2,1.055,89.2
638,0.416,1.0424,-29.2,0.99861,-150.2,1.055,89.2
639,0.416,1.0276,-28.9,0.99386,-150.5,1.0606,89.3
640,0.416,1.0271,-29,0.99727,-150.5,1.0605,89.4
641,0.416,1.0271,-29,0.99699,-150.5,1.0605,89.4
642,0.416,1.0425,-29.2,0.99895,-150.2,1.0549,89.2
643,0.416,1.0424,-29.2,0.99864,-150.2,1.055,89.2
644,0.416,1.0424,-29.2,0.9986,-150.2,1.055,89.2
645,0.416,1.0271,-29,0.99727,-150.5,1.0605,89.4
646,0.416,1.0271,-29,0.99698,-150.5,1.0605,89.4
647,0.416,1.0425,-29.2,0.99894,-150.2,1.0549,89.2
648,0.416,1.0424,-29.2,0.99863,-150.2,1.055,89.2
649,0.416,1.0424,-29.2,0.9986,-150.2,1.055,89.2
650,0.416,1.0271,-29,0.99727,-150.5,1.0605,89.4
651,0.416,1.0271,-29,0.99698,-150.5,1.0605,89.4
652,0.416,1.0425,-29.2,0.99894,-150.2,1.0549,89.2
653,0.416,1.0424,-29.2,0.99863,-150.2,1.055,89.2
654,0.416,1.0424,-29.2,0.99859,-150.2,1.055,89.2
655,0.416,1.0271,-29,0.99727,-150.5,1.0605,89.4
656,0.416,1.0271,-29,0.99698,-150.5,1.0605,89.4
657,0.416,1.0271,-29,0.99698,-150.5,1.0605,89.4
658,0.416,1.0425,-29.2,0.99893,-150.2,1.0549,89.2
659,0.416,1.0424,-29.2,0.99863,-150.2,1.055,89.2
660,0.416,1.0424,-29.2,0.99858,-150.2,1.055,89.2
661,0.416,1.0271,-29,0.99727,-150.5,1.0605,89.4
662,0.416,1.0271,-29,0.99698,-150.5,1.0605,89.4
663,0.416,1.0271,-29,0.99698,-150.5,1.0605,89.4
664,0.416,1.0425,-29.2,0.99892,-150.2,1.0549,89.2
665,0.416,1.0424,-29.2,0.99862,-150.2,1.055,89.2
666,0.416,1.0424,-29.2,0.99857,-150.2,1.055,89.2
667,0.416,1.0271,-29,0.99727,-150.5,1.0605,89.4
668,0.416,1.0271,-29,0.99697,-150.5,1.0605,89.4
669,0.416,1.0271,-29,0.99697,-150.5,1.0605,89.4
670,0.416,1.0425,-29.2,0.99891,-150.2,1.0549,89.2
671,0.416,1.0424,-29.2,0.99862,-150.2,1.055,89.2
672,0.416,1.0423,-29.2,0.99857,-150.2,1.055,89.2
673,0.416,1.0424,-29.2,0.99855,-150.2,1.055,89.2
674,0.416,1.0271,-29,0.99727,-150.5,1.0605,89.4
675,0.416,1.0271,-29,0.99696,-150.5,1.0605,89.4
676,0.416,1.0271,-29,0.99696,-150.5,1.0605,89.4
677,0.416,1.0425,-29.2,0.99891,-150.2,1.0549,89.2
678,0.416,1.0424,-29.2,0.99861,-150.2,1.055,89.2
679,0.416,1.0423,-29.2,0.99857,-150.2,1.055,89.2
680,0.416,1.0424,-29.2,0.99836,-150.2,1.055,89.2
681,0.416,1.0271,-29,0.99727,-150.5,1.0605,89.4
682,0.416,1.0271,-29,0.99685,-150.5,1.0605,89.4
683,0.416,1.0425,-29.2,0.9989,-150.2,1.0549,89.2
684,0.416,1.0424,-29.2,0.99859,-150.2,1.055,89.2
685,0.416,1.0423,-29.2,0.99857,-150.2,1.055,89.2
686,0.416,1.0424,-29.2,0.99823,-150.2,1.055,89.2
687,0.416,1.0425,-29.2,0.9989,-150.2,1.0549,89.2
688,0.416,1.0424,-29.2,0.99855,-150.2,1.055,89.2
689,0.416,1.0423,-29.2,0.99857,-150.2,1.055,89.2
690,0.416,1.0424,-29.2,0.99824,-150.2,1.0549,89.2
691,0.416,1.0425,-29.2,0.99785,-150.2,1.055,89.1
692,0.416,1.0425,-29.2,0.99889,-150.2,1.0549,89.2
693,0.416,1.0423,-29.2,0.99857,-150.2,1.055,89.2
694,0.416,1.0424,-29.2,0.99824,-150.2,1.0549,89.2
695,0.416,1.0424,-29.2,0.99824,-150.2,1.0549,89.2
696,0.416,1.0425,-29.2,0.99777,-150.2,1.055,89.1
697,0.416,1.0425,-29.2,0.99778,-150.2,1.0551,89.1
698,0.416,1.0425,-29.2,0.99888,-150.2,1.0549,89.2
699,0.416,1.0423,-29.2,0.99857,-150.2,1.055,89.2
700,0.416,1.0424,-29.2,0.99824,-150.2,1.0549,89.2
701,0.416,1.0424,-29.2,0.99824,-150.2,1.0549,89.2
702,0.416,1.0425,-29.2,0.99772,-150.2,1.055,89.1
703,0.416,1.0425,-29.2,0.99765,-150.2,1.0551,89.1
704,0.416,1.0425,-29.2,0.99886,-150.2,1.0549,89.2
705,0.416,1.0423,-29.2,0.99857,-150.2,1.055,89.2
706,0.416,1.0424,-29.2,0.99824,-150.2,1.0549,89.2
707,0.416,1.0426,-29.2,0.99731,-150.2,1.0551,89.1
708,0.416,1.0425,-29.2,0.99765,-150.2,1.0551,89.1
709,0.416,1.0425,-29.2,0.99882,-150.2,1.0549,89.2
710,0.416,1.0421,-29.2,0.99858,-150.2,1.055,89.2
711,0.416,1.0424,-29.2,0.99824,-150.2,1.0549,89.2
712,0.416,1.0427,-29.2,0.99691,-150.2,1.0552,89.1
713,0.416,1.0426,-29.2,0.99731,-150.2,1.0551,89.1
714,0.416,1.0425,-29.2,0.99765,-150.2,1.0551,89.1
715,0.416,1.0425,-29.2,0.99882,-150.2,1.0549,89.2
716,0.416,1.0419,-29.2,0.99858,-150.2,1.055,89.2
717,0.416,1.0424,-29.2,0.99824,-150.2,1.0549,89.2
718,0.416,1.0428,-29.2,0.99649,-150.2,1.0552,89.1
719,0.416,1.0426,-29.2,0.99731,-150.2,1.0551,89.1
720,0.416,1.0425,-29.2,0.99765,-150.2,1.0551,89.1
721,0.416,1.0425,-29.2,0.99882,-150.2,1.0549,89.2
722,0.416,1.0419,-29.2,0.99858,-150.2,1.055,89.2
723,0.416,1.0424,-29.2,0.99824,-150.2,1.0549,89.2
724,0.416,1.0428,-29.2,0.99632,-150.2,1.0552,89.1
725,0.416,1.0428,-29.2,0.99644,-150.2,1.0552,89.1
726,0.416,1.0426,-29.2,0.99731,-150.2,1.0551,89.1
727,0.416,1.0425,-29.2,0.99765,-150.2,1.0551,89.1
728,0.416,1.0425,-29.2,0.99881,-150.2,1.0549,89.2
729,0.416,1.0418,-29.2,0.99858,-150.2,1.055,89.2
730,0.416,1.0424,-29.2,0.99824,-150.2,1.0549,89.2
731,0.416,1.0429,-29.2,0.9961,-150.2,1.0553,89.1
732,0.416,1.0428,-29.2,0.99644,-150.2,1.0552,89.1
733,0.416,1.0426,-29.2,0.99731,-150.2,1.0551,89.1
734,0.416,1.0425,-29.2,0.99765,-150.2,1.0551,89.1
735,0.416,1.0425,-29.2,0.99881,-150.2,1.0549,89.2
736,0.416,1.0418,-29.2,0.99858,-150.2,1.055,89.2
737,0.416,1.0424,-29.2,0.99824,-150.2,1.0549,89.2
738,0.416,1.043,-29.2,0.99584,-150.2,1.0553,89.1
739,0.416,1.0428,-29.2,0.99643,-150.2,1.0552,89.1
740,0.416,1.0426,-29.2,0.99731,-150.2,1.0551,89.1
741,0.416,1.0425,-29.2,0.99765,-150.2,1.0551,89.1
742,0.416,1.0425,-29.2,0.99881,-150.2,1.0549,89.2
743,0.416,1.0418,-29.2,0.99858,-150.2,1.055,89.2
744,0.416,1.0424,-29.2,0.99824,-150.2,1.0549,89.2
745,0.416,1.043,-29.2,0.99563,-150.2,1.0553,89.1
746,0.416,1.0428,-29.2,0.99643,-150.2,1.0552,89.1
747,0.416,1.0428,-29.2,0.99643,-150.2,1.0552,89.1
748,0.416,1.0426,-29.2,0.99731,-150.2,1.0551,89.1
749,0.416,1.0425,-29.2,0.99765,-150.2,1.0551,89.1
750,0.416,1.0425,-29.2,0.99881,-150.2,1.0549,89.2
751,0.416,1.0418,-29.2,0.99858,-150.2,1.055,89.2
752,0.416,1.0424,-29.2,0.99824,-150.2,1.0549,89.2
753,0.416,1.043,-29.2,0.99555,-150.2,1.0553,89.1
754,0.416,1.043,-29.2,0.99563,-150.2,1.0553,89.1
755,0.416,1.0428,-29.2,0.99642,-150.2,1.0552,89.1
756,0.416,1.0428,-29.2,0.99643,-150.2,1.0552,89.1
757,0.416,1.0426,-29.2,0.99731,-150.2,1.0551,89.1
758,0.416,1.0425,-29.2,0.99765,-150.2,1.0551,89.1
759,0.416,1.0425,-29.2,0.9988,-150.2,1.0549,89.2
760,0.416,1.0418,-29.2,0.99858,-150.2,1.055,89.2
761,0.416,1.0424,-29.2,0.99824,-150.2,1.0549,89.2
762,0.416,1.0431,-29.2,0.99544,-150.2,1.0553,89.1
763,0.416,1.043,-29.2,0.99563,-150.2,1.0553,89.1
764,0.416,1.0428,-29.2,0.99643,-150.2,1.0552,89.1
765,0.416,1.0426,-29.2,0.99731,-150.2,1.0551,89.1
766,0.416,1.0425,-29.2,0.99765,-150.2,1.0551,89.1
767,0.416,1.0425,-29.2,0.9988,-150.2,1.0549,89.2
768,0.416,1.0418,-29.2,0.99858,-150.2,1.055,89.2
769,0.416,1.0424,-29.2,0.99824,-150.2,1.0549,89.2
770,0.416,1.0431,-29.2,0.99518,-150.2,1.0554,89.1
771,0.416,1.043,-29.2,0.99563,-150.2,1.0553,89.1
772,0.416,1.043,-29.2,0.99563,-150.2,1.0553,89.1
773,0.416,1.0428,-29.2,0.99643,-150.2,1.0552,89.1
774,0.416,1.0426,-29.2,0.99731,-150.2,1.0551,89.1
775,0.416,1.0425,-29.2,0.99765,-150.2,1.0551,89.1
776,0.416,1.0425,-29.2,0.99878,-150.2,1.0549,89.2
777,0.416,1.0417,-29.2,0.99858,-150.2,1.055,89.2
778,0.416,1.0424,-29.2,0.99824,-150.2,1.0549,89.2
779,0.416,1.0432,-29.2,0.99496,-150.2,1.0554,89.1
780,0.416,1.043,-29.2,0.99563,-150.2,1.0553,89.1
781,0.416,1.043,-29.2,0.99563,-150.2,1.0553,89.1
782,0.416,1.0428,-29.2,0.99643,-150.2,1.0552,89.1
783,0.416,1.0426,-29.2,0.99731,-150.2,1.0551,89.1
784,0.416,1.0425,-29.2,0.99765,-150.2,1.0551,89.1
785,0.416,1.0425,-29.2,0.99862,-150.2,1.0549,89.2
786,0.416,1.0417,-29.2,0.99858,-150.2,1.055,89.2
787,0.416,1.0432,-29.1,0.99479,-150.2,1.0554,89.1
788,0.416,1.043,-29.2,0.99563,-150.2,1.0553,89.1
789,0.416,1.0428,-29.2,0.99643,-150.2,1.0552,89.1
790,0.416,1.0426,-29.2,0.99731,-150.2,1.0551,89.1
791,0.416,1.0425,-29.2,0.99765,-150.2,1.0551,89.1
792,0.416,1.0417,-29.2,0.99858,-150.2,1.055,89.2
793,0.416,1.0417,-29.2,0.99858,-150.2,1.055,89.2
794,0.416,1.0433,-29.1,0.99464,-150.2,1.0554,89.1
795,0.416,1.043,-29.2,0.99563,-150.2,1.0553,89.1
796,0.416,1.0428,-29.2,0.99643,-150.2,1.0552,89.1
797,0.416,1.0426,-29.2,0.99731,-150.2,1.0551,89.1
798,0.416,1.0425,-29.2,0.99765,-150.2,1.0551,89.1
799,0.416,1.0417,-29.2,0.99858,-150.2,1.055,89.2
800,0.416,1.0417,-29.2,0.99858,-150.2,1.055,89.2
801,0.416,1.0433,-29.1,0.99464,-150.2,1.0554,89.1
802,0.416,1.0433,-29.1,0.99456,-150.2,1.0554,89.1
803,0.416,1.043,-29.2,0.99563,-150.2,1.0553,89.1
804,0.416,1.0428,-29.2,0.99642,-150.2,1.0552,89.1
805,0.416,1.0426,-29.2,0.99731,-150.2,1.0551,89.1
806,0.416,1.0425,-29.2,0.99765,-150.2,1.0551,89.1
807,0.416,1.0416,-29.2,0.99858,-150.2,1.055,89.2
808,0.416,1.0417,-29.2,0.99858,-150.2,1.055,89.2
809,0.416,1.0433,-29.1,0.99464,-150.2,1.0554,89.1
810,0.416,1.0433,-29.1,0.9944,-150.1,1.0555,89.1
811,0.416,1.0433,-29.1,0.99456,-150.2,1.0554,89.1
812,0.416,1.043,-29.2,0.99563,-150.2,1.0553,89.1
813,0.416,1.0428,-29.2,0.99641,-150.2,1.0552,89.1
814,0.416,1.0426,-29.2,0.99731,-150.2,1.0551,89.1
815,0.416,1.0425,-29.2,0.99765,-150.2,1.0551,89.1
816,0.416,1.0416,-29.2,0.99858,-150.2,1.055,89.2
817,0.416,1.0417,-29.2,0.99858,-150.2,1.055,89.2
818,0.416,1.0433,-29.1,0.99464,-150.2,1.0554,89.1
819,0.416,1.0434,-29.1,0.99427,-150.1,1.0555,89.1
820,0.416,1.0433,-29.1,0.9944,-150.1,1.0555,89.1
821,0.416,1.043,-29.2,0.99563,-150.2,1.0553,89.1
822,0.416,1.0426,-29.2,0.99731,-150.2,1.0551,89.1
823,0.416,1.0425,-29.2,0.99765,-150.2,1.0551,89.1
824,0.416,1.0416,-29.2,0.99858,-150.2,1.055,89.2
825,0.416,1.0433,-29.1,0.99464,-150.2,1.0554,89.1
826,0.416,1.0434,-29.1,0.99412,-150.1,1.0555,89.1
827,0.416,1.0434,-29.1,0.99427,-150.1,1.0555,89.1
828,0.416,1.043,-29.2,0.99563,-150.2,1.0553,89.1
829,0.416,1.0426,-29.2,0.99731,-150.2,1.0551,89.1
830,0.416,1.0425,-29.2,0.99765,-150.2,1.0551,89.1
831,0.416,1.0416,-29.2,0.99858,-150.2,1.055,89.2
832,0.416,1.0432,-29.1,0.99464,-150.2,1.0554,89.1
833,0.416,1.0435,-29.1,0.99401,-150.1,1.0555,89.1
834,0.416,1.0434,-29.1,0.99412,-150.1,1.0555,89.1
835,0.416,1.043,-29.2,0.99563,-150.2,1.0553,89.1
836,0.416,1.0425,-29.2,0.99731,-150.2,1.0551,89.1
837,0.416,1.0416,-29.2,0.99858,-150.2,1.055,89.2
838,0.416,1.0432,-29.1,0.99464,-150.2,1.0554,89.1
839,0.416,1.0435,-29.1,0.99388,-150.1,1.0555,89.1
840,0.416,1.0435,-29.1,0.99401,-150.1,1.0555,89.1
841,0.416,1.0425,-29.2,0.99731,-150.2,1.0551,89.1
842,0.416,1.0416,-29.2,0.99858,-150.2,1.055,89.2
843,0.416,1.0432,-29.1,0.99464,-150.2,1.0554,89.1
844,0.416,1.0435,-29.1,0.99351,-150.1,1.0555,89.1
845,0.416,1.0435,-29.1,0.99388,-150.1,1.0555,89.1
846,0.416,1.0435,-29.1,0.99388,-150.1,1.0555,89.1
847,0.416,1.0425,-29.2,0.99731,-150.2,1.0551,89.1
848,0.416,1.0416,-29.2,0.99858,-150.2,1.055,89.2
849,0.416,1.0432,-29.1,0.99464,-150.2,1.0554,89.1
850,0.416,1.0435,-29.1,0.99346,-150.1,1.0555,89.1
851,0.416,1.0435,-29.1,0.99388,-150.1,1.0555,89.1
852,0.416,1.0435,-29.1,0.99388,-150.1,1.0555,89.1
853,0.416,1.0425,-29.2,0.99731,-150.2,1.0551,89.1
854,0.416,1.0416,-29.2,0.99858,-150.2,1.055,89.2
855,0.416,1.0432,-29.1,0.99464,-150.2,1.0554,89.1
856,0.416,1.0435,-29.1,0.99331,-150.1,1.0555,89.1
857,0.416,1.0435,-29.1,0.99388,-150.1,1.0555,89.1
858,0.416,1.0435,-29.1,0.99388,-150.1,1.0555,89.1
859,0.416,1.0425,-29.2,0.99731,-150.2,1.0551,89.1
860,0.416,1.0415,-29.2,0.99858,-150.2,1.055,89.2
861,0.416,1.0416,-29.2,0.99858,-150.2,1.055,89.2
862,0.416,1.0432,-29.1,0.99464,-150.2,1.0554,89.1
863,0.416,1.0435,-29.1,0.99313,-150.1,1.0555,89.1
864,0.416,1.0435,-29.1,0.99388,-150.1,1.0555,89.1
865,0.416,1.0435,-29.1,0.99388,-150.1,1.0555,89.1
866,0.416,1.0425,-29.2,0.99731,-150.2,1.0551,89.1
867,0.416,1.0432,-29.1,0.99464,-150.2,1.0554,89.1
868,0.416,1.0435,-29.1,0.99311,-150.1,1.0555,89.1
869,0.416,1.0435,-29.1,0.99388,-150.1,1.0555,89.1
870,0.416,1.0435,-29.1,0.99388,-150.1,1.0555,89.1
871,0.416,1.0425,-29.2,0.99731,-150.2,1.0551,89.1
872,0.416,1.0432,-29.1,0.99464,-150.2,1.0554,89.1
873,0.416,1.0435,-29.1,0.99308,-150.1,1.0555,89.1
874,0.416,1.0435,-29.1,0.9931,-150.1,1.0555,89.1
875,0.416,1.0435,-29.1,0.99388,-150.1,1.0555,89.1
876,0.416,1.0435,-29.1,0.99388,-150.1,1.0555,89.1
877,0.416,1.0425,-29.2,0.99731,-150.2,1.0551,89.1
878,0.416,1.0432,-29.1,0.99464,-150.2,1.0554,89.1
879,0.416,1.0435,-29.1,0.99306,-150.1,1.0555,89.1
880,0.416,1.0435,-29.1,0.99309,-150.1,1.0555,89.1
881,0.416,1.0435,-29.1,0.99388,-150.1,1.0555,89.1
882,0.416,1.0435,-29.1,0.99388,-150.1,1.0555,89.1
883,0.416,1.0425,-29.2,0.99731,-150.2,1.0551,89.1
884,0.416,1.0432,-29.1,0.99464,-150.2,1.0554,89.1
885,0.416,1.0435,-29.1,0.99302,-150.1,1.0555,89.1
886,0.416,1.0435,-29.1,0.99306,-150.1,1.0555,89.1
887,0.416,1.0425,-29.2,0.99731,-150.2,1.0551,89.1
888,0.416,1.0432,-29.1,0.99464,-150.2,1.0554,89.1
889,0.416,1.0432,-29.1,0.99464,-150.2,1.0554,89.1
890,0.416,1.0435,-29.1,0.99297,-150.1,1.0555,89.1
891,0.416,1.0425,-29.2,0.99731,-150.2,1.0551,89.1
892,0.416,1.0432,-29.1,0.99464,-150.2,1.0554,89.1
893,0.416,1.0432,-29.1,0.99464,-150.2,1.0554,89.1
894,0.416,1.0435,-29.1,0.99279,-150.1,1.0555,89.1
895,0.416,1.0425,-29.2,0.99731,-150.2,1.0551,89.1
896,0.416,1.0425,-29.2,0.99731,-150.2,1.0551,89.1
897,0.416,1.0432,-29.1,0.99464,-150.2,1.0554,89.1
898,0.416,1.0431,-29.1,0.99464,-150.2,1.0554,89.1
899,0.416,1.0435,-29.1,0.99246,-150.1,1.0555,89.1
900,0.416,1.0425,-29.2,0.99731,-150.2,1.0551,89.1
901,0.416,1.0432,-29.1,0.99464,-150.2,1.0554,89.1
902,0.416,1.0432,-29.1,0.99464,-150.2,1.0554,89.1
903,0.416,1.0432,-29.1,0.99464,-150.2,1.0554,89.1
904,0.416,1.0432,-29.1,0.99464,-150.2,1.0554,89.1
905,0.416,1.0432,-29.1,0.99464,-150.2,1.0554,89.1
906,0.416,1.0432,-29.1,0.99464,-150.2,1.0554,89.1
